cycle,input_q15,output_q15,accumulator_q34
0.000000000000000000e+00,0.000000000000000000e+00,0.000000000000000000e+00,0.000000000000000000e+00
1.000000000000000000e+00,0.000000000000000000e+00,0.000000000000000000e+00,0.000000000000000000e+00
2.000000000000000000e+00,0.000000000000000000e+00,0.000000000000000000e+00,0.000000000000000000e+00
3.000000000000000000e+00,0.000000000000000000e+00,0.000000000000000000e+00,0.000000000000000000e+00
4.000000000000000000e+00,0.000000000000000000e+00,0.000000000000000000e+00,0.000000000000000000e+00
5.000000000000000000e+00,2.457600000000000000e+04,0.000000000000000000e+00,0.000000000000000000e+00
6.000000000000000000e+00,0.000000000000000000e+00,0.000000000000000000e+00,2.457600000000000000e+04
7.000000000000000000e+00,0.000000000000000000e+00,0.000000000000000000e+00,0.000000000000000000e+00
8.000000000000000000e+00,0.000000000000000000e+00,0.000000000000000000e+00,-4.915200000000000000e+04
9.000000000000000000e+00,0.000000000000000000e+00,0.000000000000000000e+00,-1.474560000000000000e+05
1.000000000000000000e+01,0.000000000000000000e+00,-1.000000000000000000e+00,-3.194880000000000000e+05
1.100000000000000000e+01,0.000000000000000000e+00,-1.000000000000000000e+00,-5.406720000000000000e+05
1.200000000000000000e+01,0.000000000000000000e+00,-1.000000000000000000e+00,-7.864320000000000000e+05
1.300000000000000000e+01,0.000000000000000000e+00,-2.000000000000000000e+00,-9.830400000000000000e+05
1.400000000000000000e+01,0.000000000000000000e+00,-2.000000000000000000e+00,-1.105920000000000000e+06
1.500000000000000000e+01,0.000000000000000000e+00,-2.000000000000000000e+00,-1.056768000000000000e+06
1.600000000000000000e+01,0.000000000000000000e+00,-2.000000000000000000e+00,-8.110080000000000000e+05
1.700000000000000000e+01,0.000000000000000000e+00,-1.000000000000000000e+00,-4.177920000000000000e+05
1.800000000000000000e+01,0.000000000000000000e+00,0.000000000000000000e+00,4.915200000000000000e+04
1.900000000000000000e+01,0.000000000000000000e+00,1.000000000000000000e+00,4.669440000000000000e+05
2.000000000000000000e+01,0.000000000000000000e+00,1.000000000000000000e+00,7.127040000000000000e+05
2.100000000000000000e+01,0.000000000000000000e+00,1.000000000000000000e+00,6.881280000000000000e+05
2.200000000000000000e+01,0.000000000000000000e+00,1.000000000000000000e+00,4.177920000000000000e+05
2.300000000000000000e+01,0.000000000000000000e+00,0.000000000000000000e+00,-4.915200000000000000e+04
2.400000000000000000e+01,0.000000000000000000e+00,-1.000000000000000000e+00,-5.160960000000000000e+05
2.500000000000000000e+01,0.000000000000000000e+00,-2.000000000000000000e+00,-8.110080000000000000e+05
2.600000000000000000e+01,0.000000000000000000e+00,-1.000000000000000000e+00,-7.864320000000000000e+05
2.700000000000000000e+01,0.000000000000000000e+00,-1.000000000000000000e+00,-4.423680000000000000e+05
2.800000000000000000e+01,0.000000000000000000e+00,0.000000000000000000e+00,1.228800000000000000e+05
2.900000000000000000e+01,0.000000000000000000e+00,1.000000000000000000e+00,6.881280000000000000e+05
3.000000000000000000e+01,0.000000000000000000e+00,2.000000000000000000e+00,1.032192000000000000e+06
3.100000000000000000e+01,0.000000000000000000e+00,2.000000000000000000e+00,9.830400000000000000e+05
3.200000000000000000e+01,0.000000000000000000e+00,1.000000000000000000e+00,4.915200000000000000e+05
3.300000000000000000e+01,0.000000000000000000e+00,0.000000000000000000e+00,-2.457600000000000000e+05
3.400000000000000000e+01,0.000000000000000000e+00,-2.000000000000000000e+00,-9.584640000000000000e+05
3.500000000000000000e+01,0.000000000000000000e+00,-3.000000000000000000e+00,-1.351680000000000000e+06
3.600000000000000000e+01,0.000000000000000000e+00,-2.000000000000000000e+00,-1.204224000000000000e+06
3.700000000000000000e+01,0.000000000000000000e+00,-1.000000000000000000e+00,-5.160960000000000000e+05
3.800000000000000000e+01,0.000000000000000000e+00,1.000000000000000000e+00,4.423680000000000000e+05
3.900000000000000000e+01,0.000000000000000000e+00,3.000000000000000000e+00,1.351680000000000000e+06
4.000000000000000000e+01,0.000000000000000000e+00,3.000000000000000000e+00,1.744896000000000000e+06
4.100000000000000000e+01,0.000000000000000000e+00,3.000000000000000000e+00,1.449984000000000000e+06
4.200000000000000000e+01,0.000000000000000000e+00,1.000000000000000000e+00,4.915200000000000000e+05
4.300000000000000000e+01,0.000000000000000000e+00,-1.000000000000000000e+00,-7.864320000000000000e+05
4.400000000000000000e+01,0.000000000000000000e+00,-4.000000000000000000e+00,-1.843200000000000000e+06
4.500000000000000000e+01,0.000000000000000000e+00,-4.000000000000000000e+00,-2.236416000000000000e+06
4.600000000000000000e+01,0.000000000000000000e+00,-3.000000000000000000e+00,-1.695744000000000000e+06
4.700000000000000000e+01,0.000000000000000000e+00,-1.000000000000000000e+00,-3.686400000000000000e+05
4.800000000000000000e+01,0.000000000000000000e+00,2.000000000000000000e+00,1.253376000000000000e+06
4.900000000000000000e+01,0.000000000000000000e+00,5.000000000000000000e+00,2.506752000000000000e+06
5.000000000000000000e+01,0.000000000000000000e+00,5.000000000000000000e+00,2.801664000000000000e+06
5.100000000000000000e+01,0.000000000000000000e+00,4.000000000000000000e+00,1.916928000000000000e+06
5.200000000000000000e+01,0.000000000000000000e+00,0.000000000000000000e+00,9.830400000000000000e+04
5.300000000000000000e+01,0.000000000000000000e+00,-4.000000000000000000e+00,-1.941504000000000000e+06
5.400000000000000000e+01,0.000000000000000000e+00,-6.000000000000000000e+00,-3.317760000000000000e+06
5.500000000000000000e+01,0.000000000000000000e+00,-6.000000000000000000e+00,-3.391488000000000000e+06
5.600000000000000000e+01,0.000000000000000000e+00,-4.000000000000000000e+00,-2.015232000000000000e+06
5.700000000000000000e+01,0.000000000000000000e+00,1.000000000000000000e+00,3.932160000000000000e+05
5.800000000000000000e+01,0.000000000000000000e+00,5.000000000000000000e+00,2.850816000000000000e+06
5.900000000000000000e+01,0.000000000000000000e+00,8.000000000000000000e+00,4.300800000000000000e+06
6.000000000000000000e+01,0.000000000000000000e+00,8.000000000000000000e+00,4.005888000000000000e+06
6.100000000000000000e+01,0.000000000000000000e+00,4.000000000000000000e+00,1.941504000000000000e+06
6.200000000000000000e+01,0.000000000000000000e+00,-2.000000000000000000e+00,-1.130496000000000000e+06
6.300000000000000000e+01,0.000000000000000000e+00,-8.000000000000000000e+00,-4.005888000000000000e+06
6.400000000000000000e+01,0.000000000000000000e+00,-1.000000000000000000e+01,-5.382144000000000000e+06
6.500000000000000000e+01,0.000000000000000000e+00,-9.000000000000000000e+00,-4.546560000000000000e+06
6.600000000000000000e+01,0.000000000000000000e+00,-3.000000000000000000e+00,-1.646592000000000000e+06
6.700000000000000000e+01,0.000000000000000000e+00,4.000000000000000000e+00,2.211840000000000000e+06
6.800000000000000000e+01,0.000000000000000000e+00,1.000000000000000000e+01,5.455872000000000000e+06
6.900000000000000000e+01,0.000000000000000000e+00,1.300000000000000000e+01,6.586368000000000000e+06
7.000000000000000000e+01,0.000000000000000000e+00,9.000000000000000000e+00,4.939776000000000000e+06
7.100000000000000000e+01,0.000000000000000000e+00,2.000000000000000000e+00,1.007616000000000000e+06
7.200000000000000000e+01,0.000000000000000000e+00,-7.000000000000000000e+00,-3.710976000000000000e+06
7.300000000000000000e+01,0.000000000000000000e+00,-1.400000000000000000e+01,-7.176192000000000000e+06
7.400000000000000000e+01,0.000000000000000000e+00,-1.500000000000000000e+01,-7.815168000000000000e+06
7.500000000000000000e+01,0.000000000000000000e+00,-1.000000000000000000e+01,-5.087232000000000000e+06
7.600000000000000000e+01,0.000000000000000000e+00,0.000000000000000000e+00,7.372800000000000000e+04
7.700000000000000000e+01,0.000000000000000000e+00,1.100000000000000000e+01,5.627904000000000000e+06
7.800000000000000000e+01,0.000000000000000000e+00,1.700000000000000000e+01,9.142272000000000000e+06
7.900000000000000000e+01,0.000000000000000000e+00,1.700000000000000000e+01,8.970240000000000000e+06
8.000000000000000000e+01,0.000000000000000000e+00,9.000000000000000000e+00,4.841472000000000000e+06
8.100000000000000000e+01,0.000000000000000000e+00,-3.000000000000000000e+00,-1.720320000000000000e+06
8.200000000000000000e+01,0.000000000000000000e+00,-1.500000000000000000e+01,-8.011776000000000000e+06
8.300000000000000000e+01,0.000000000000000000e+00,-2.200000000000000000e+01,-1.130496000000000000e+07
8.400000000000000000e+01,0.000000000000000000e+00,-1.900000000000000000e+01,-9.904128000000000000e+06
8.500000000000000000e+01,0.000000000000000000e+00,-8.000000000000000000e+00,-4.079616000000000000e+06
8.600000000000000000e+01,0.000000000000000000e+00,8.000000000000000000e+00,3.981312000000000000e+06
8.700000000000000000e+01,0.000000000000000000e+00,2.100000000000000000e+01,1.088716800000000000e+07
8.800000000000000000e+01,0.000000000000000000e+00,2.600000000000000000e+01,1.354137600000000000e+07
8.900000000000000000e+01,0.000000000000000000e+00,2.000000000000000000e+01,1.049395200000000000e+07
9.000000000000000000e+01,0.000000000000000000e+00,5.000000000000000000e+00,2.629632000000000000e+06
9.100000000000000000e+01,0.000000000000000000e+00,-1.300000000000000000e+01,-6.955008000000000000e+06
9.200000000000000000e+01,0.000000000000000000e+00,-2.700000000000000000e+01,-1.420492800000000000e+07
9.300000000000000000e+01,0.000000000000000000e+00,-3.000000000000000000e+01,-1.572864000000000000e+07
9.400000000000000000e+01,0.000000000000000000e+00,-2.000000000000000000e+01,-1.051852800000000000e+07
9.500000000000000000e+01,0.000000000000000000e+00,-1.000000000000000000e+00,-3.194880000000000000e+05
9.600000000000000000e+01,0.000000000000000000e+00,2.000000000000000000e+01,1.071513600000000000e+07
9.700000000000000000e+01,0.000000000000000000e+00,3.400000000000000000e+01,1.784217600000000000e+07
9.800000000000000000e+01,0.000000000000000000e+00,3.400000000000000000e+01,1.767014400000000000e+07
9.900000000000000000e+01,0.000000000000000000e+00,1.900000000000000000e+01,9.732096000000000000e+06
1.000000000000000000e+02,0.000000000000000000e+00,-6.000000000000000000e+00,-2.973696000000000000e+06
1.010000000000000000e+02,0.000000000000000000e+00,-2.900000000000000000e+01,-1.526169600000000000e+07
1.020000000000000000e+02,0.000000000000000000e+00,-4.100000000000000000e+01,-2.172518400000000000e+07
1.030000000000000000e+02,0.000000000000000000e+00,-3.600000000000000000e+01,-1.909555200000000000e+07
1.040000000000000000e+02,0.000000000000000000e+00,-1.500000000000000000e+01,-7.962624000000000000e+06
1.050000000000000000e+02,0.000000000000000000e+00,1.400000000000000000e+01,7.421952000000000000e+06
1.060000000000000000e+02,0.000000000000000000e+00,3.900000000000000000e+01,2.057011200000000000e+07
1.070000000000000000e+02,0.000000000000000000e+00,4.900000000000000000e+01,2.560819200000000000e+07
1.080000000000000000e+02,0.000000000000000000e+00,3.800000000000000000e+01,1.975910400000000000e+07
1.090000000000000000e+02,0.000000000000000000e+00,9.000000000000000000e+00,4.890624000000000000e+06
1.100000000000000000e+02,0.000000000000000000e+00,-2.500000000000000000e+01,-1.309900800000000000e+07
1.110000000000000000e+02,0.000000000000000000e+00,-5.100000000000000000e+01,-2.651750400000000000e+07
1.120000000000000000e+02,0.000000000000000000e+00,-5.600000000000000000e+01,-2.922086400000000000e+07
1.130000000000000000e+02,0.000000000000000000e+00,-3.700000000000000000e+01,-1.931673600000000000e+07
1.140000000000000000e+02,0.000000000000000000e+00,-1.000000000000000000e+00,-3.194880000000000000e+05
1.150000000000000000e+02,0.000000000000000000e+00,3.800000000000000000e+01,2.005401600000000000e+07
1.160000000000000000e+02,0.000000000000000000e+00,6.300000000000000000e+01,3.295641600000000000e+07
1.170000000000000000e+02,0.000000000000000000e+00,6.200000000000000000e+01,3.226828800000000000e+07
1.180000000000000000e+02,0.000000000000000000e+00,3.300000000000000000e+01,1.739980800000000000e+07
1.190000000000000000e+02,0.000000000000000000e+00,-1.200000000000000000e+01,-6.045696000000000000e+06
1.200000000000000000e+02,0.000000000000000000e+00,-5.400000000000000000e+01,-2.833612800000000000e+07
1.210000000000000000e+02,0.000000000000000000e+00,-7.600000000000000000e+01,-3.964108800000000000e+07
1.220000000000000000e+02,0.000000000000000000e+00,-6.500000000000000000e+01,-3.430809600000000000e+07
1.230000000000000000e+02,0.000000000000000000e+00,-2.600000000000000000e+01,-1.361510400000000000e+07
1.240000000000000000e+02,0.000000000000000000e+00,2.700000000000000000e+01,1.437696000000000000e+07
1.250000000000000000e+02,0.000000000000000000e+00,7.200000000000000000e+01,3.784704000000000000e+07
1.260000000000000000e+02,0.000000000000000000e+00,8.800000000000000000e+01,4.622745600000000000e+07
1.270000000000000000e+02,0.000000000000000000e+00,6.700000000000000000e+01,3.489792000000000000e+07
1.280000000000000000e+02,0.000000000000000000e+00,1.400000000000000000e+01,7.544832000000000000e+06
1.290000000000000000e+02,0.000000000000000000e+00,-4.700000000000000000e+01,-2.487091200000000000e+07
1.300000000000000000e+02,0.000000000000000000e+00,-9.200000000000000000e+01,-4.846387200000000000e+07
1.310000000000000000e+02,0.000000000000000000e+00,-1.000000000000000000e+02,-5.232230400000000000e+07
1.320000000000000000e+02,0.000000000000000000e+00,-6.400000000000000000e+01,-3.347251200000000000e+07
1.330000000000000000e+02,0.000000000000000000e+00,2.000000000000000000e+00,1.277952000000000000e+06
1.340000000000000000e+02,0.000000000000000000e+00,7.200000000000000000e+01,3.772416000000000000e+07
1.350000000000000000e+02,0.000000000000000000e+00,1.140000000000000000e+02,5.999001600000000000e+07
1.360000000000000000e+02,0.000000000000000000e+00,1.090000000000000000e+02,5.738496000000000000e+07
1.370000000000000000e+02,0.000000000000000000e+00,5.600000000000000000e+01,2.939289600000000000e+07
1.380000000000000000e+02,0.000000000000000000e+00,-2.500000000000000000e+01,-1.334476800000000000e+07
1.390000000000000000e+02,0.000000000000000000e+00,-1.010000000000000000e+02,-5.308416000000000000e+07
1.400000000000000000e+02,0.000000000000000000e+00,-1.380000000000000000e+02,-7.215513600000000000e+07
1.410000000000000000e+02,0.000000000000000000e+00,-1.160000000000000000e+02,-6.077644800000000000e+07
1.420000000000000000e+02,0.000000000000000000e+00,-4.200000000000000000e+01,-2.192179200000000000e+07
1.430000000000000000e+02,0.000000000000000000e+00,5.600000000000000000e+01,2.927001600000000000e+07
1.440000000000000000e+02,0.000000000000000000e+00,1.360000000000000000e+02,7.114752000000000000e+07
1.450000000000000000e+02,0.000000000000000000e+00,1.610000000000000000e+02,8.461516800000000000e+07
1.460000000000000000e+02,0.000000000000000000e+00,1.180000000000000000e+02,6.175948800000000000e+07
1.470000000000000000e+02,0.000000000000000000e+00,1.900000000000000000e+01,1.005158400000000000e+07
1.480000000000000000e+02,0.000000000000000000e+00,-9.500000000000000000e+01,-4.984012800000000000e+07
1.490000000000000000e+02,0.000000000000000000e+00,-1.760000000000000000e+02,-9.218457600000000000e+07
1.500000000000000000e+02,0.000000000000000000e+00,-1.850000000000000000e+02,-9.697689600000000000e+07
1.510000000000000000e+02,0.000000000000000000e+00,-1.130000000000000000e+02,-5.930188800000000000e+07
1.520000000000000000e+02,0.000000000000000000e+00,1.400000000000000000e+01,7.495680000000000000e+06
1.530000000000000000e+02,0.000000000000000000e+00,1.450000000000000000e+02,7.625932800000000000e+07
1.540000000000000000e+02,0.000000000000000000e+00,2.230000000000000000e+02,1.167605760000000000e+08
1.550000000000000000e+02,0.000000000000000000e+00,2.080000000000000000e+02,1.088471040000000000e+08
1.560000000000000000e+02,0.000000000000000000e+00,9.900000000000000000e+01,5.200281600000000000e+07
1.570000000000000000e+02,0.000000000000000000e+00,-6.300000000000000000e+01,-3.280896000000000000e+07
1.580000000000000000e+02,0.000000000000000000e+00,-2.110000000000000000e+02,-1.105182720000000000e+08
1.590000000000000000e+02,0.000000000000000000e+00,-2.790000000000000000e+02,-1.460551680000000000e+08
1.600000000000000000e+02,0.000000000000000000e+00,-2.290000000000000000e+02,-1.198080000000000000e+08
1.610000000000000000e+02,0.000000000000000000e+00,-7.200000000000000000e+01,-3.760128000000000000e+07
1.620000000000000000e+02,0.000000000000000000e+00,1.330000000000000000e+02,6.955008000000000000e+07
1.630000000000000000e+02,0.000000000000000000e+00,2.990000000000000000e+02,1.565491200000000000e+08
1.640000000000000000e+02,0.000000000000000000e+00,3.480000000000000000e+02,1.825751040000000000e+08
1.650000000000000000e+02,0.000000000000000000e+00,2.470000000000000000e+02,1.294417920000000000e+08
1.660000000000000000e+02,0.000000000000000000e+00,2.300000000000000000e+01,1.187020800000000000e+07
1.670000000000000000e+02,0.000000000000000000e+00,-2.390000000000000000e+02,-1.252638720000000000e+08
1.680000000000000000e+02,0.000000000000000000e+00,-4.250000000000000000e+02,-2.230763520000000000e+08
1.690000000000000000e+02,0.000000000000000000e+00,-4.440000000000000000e+02,-2.325872640000000000e+08
1.700000000000000000e+02,0.000000000000000000e+00,-2.620000000000000000e+02,-1.373798400000000000e+08
1.710000000000000000e+02,0.000000000000000000e+00,6.700000000000000000e+01,3.511910400000000000e+07
1.720000000000000000e+02,0.000000000000000000e+00,4.180000000000000000e+02,2.192424960000000000e+08
1.730000000000000000e+02,0.000000000000000000e+00,6.370000000000000000e+02,3.338649600000000000e+08
1.740000000000000000e+02,0.000000000000000000e+00,6.000000000000000000e+02,3.144499200000000000e+08
1.750000000000000000e+02,0.000000000000000000e+00,2.730000000000000000e+02,1.432780800000000000e+08
1.760000000000000000e+02,0.000000000000000000e+00,-2.570000000000000000e+02,-1.348485120000000000e+08
1.770000000000000000e+02,0.000000000000000000e+00,-7.990000000000000000e+02,-4.191682560000000000e+08
1.780000000000000000e+02,0.000000000000000000e+00,-1.109000000000000000e+03,-5.815664640000000000e+08
1.790000000000000000e+02,0.000000000000000000e+00,-9.710000000000000000e+02,-5.092147200000000000e+08
1.800000000000000000e+02,0.000000000000000000e+00,-2.800000000000000000e+02,-1.469399040000000000e+08
1.810000000000000000e+02,0.000000000000000000e+00,9.080000000000000000e+02,4.760862720000000000e+08
1.820000000000000000e+02,0.000000000000000000e+00,2.376000000000000000e+03,1.245634560000000000e+09
1.830000000000000000e+02,0.000000000000000000e+00,3.796000000000000000e+03,1.990090752000000000e+09
1.840000000000000000e+02,0.000000000000000000e+00,4.823000000000000000e+03,2.528722944000000000e+09
1.850000000000000000e+02,0.000000000000000000e+00,5.198000000000000000e+03,2.725158912000000000e+09
1.860000000000000000e+02,0.000000000000000000e+00,4.823000000000000000e+03,2.528722944000000000e+09
1.870000000000000000e+02,0.000000000000000000e+00,3.796000000000000000e+03,1.990090752000000000e+09
1.880000000000000000e+02,0.000000000000000000e+00,2.376000000000000000e+03,1.245634560000000000e+09
1.890000000000000000e+02,0.000000000000000000e+00,9.080000000000000000e+02,4.760862720000000000e+08
1.900000000000000000e+02,0.000000000000000000e+00,-2.800000000000000000e+02,-1.469399040000000000e+08
1.910000000000000000e+02,0.000000000000000000e+00,-9.710000000000000000e+02,-5.092147200000000000e+08
1.920000000000000000e+02,0.000000000000000000e+00,-1.109000000000000000e+03,-5.815664640000000000e+08
1.930000000000000000e+02,0.000000000000000000e+00,-7.990000000000000000e+02,-4.191682560000000000e+08
1.940000000000000000e+02,0.000000000000000000e+00,-2.570000000000000000e+02,-1.348485120000000000e+08
1.950000000000000000e+02,0.000000000000000000e+00,2.730000000000000000e+02,1.432780800000000000e+08
1.960000000000000000e+02,0.000000000000000000e+00,6.000000000000000000e+02,3.144499200000000000e+08
1.970000000000000000e+02,0.000000000000000000e+00,6.370000000000000000e+02,3.338649600000000000e+08
1.980000000000000000e+02,0.000000000000000000e+00,4.180000000000000000e+02,2.192424960000000000e+08
1.990000000000000000e+02,0.000000000000000000e+00,6.700000000000000000e+01,3.511910400000000000e+07
2.000000000000000000e+02,0.000000000000000000e+00,-2.620000000000000000e+02,-1.373798400000000000e+08
2.010000000000000000e+02,0.000000000000000000e+00,-4.440000000000000000e+02,-2.325872640000000000e+08
2.020000000000000000e+02,0.000000000000000000e+00,-4.250000000000000000e+02,-2.230763520000000000e+08
2.030000000000000000e+02,0.000000000000000000e+00,-2.390000000000000000e+02,-1.252638720000000000e+08
2.040000000000000000e+02,0.000000000000000000e+00,2.300000000000000000e+01,1.187020800000000000e+07
2.050000000000000000e+02,0.000000000000000000e+00,2.470000000000000000e+02,1.294417920000000000e+08
2.060000000000000000e+02,0.000000000000000000e+00,3.480000000000000000e+02,1.825751040000000000e+08
2.070000000000000000e+02,0.000000000000000000e+00,2.990000000000000000e+02,1.565491200000000000e+08
2.080000000000000000e+02,0.000000000000000000e+00,1.330000000000000000e+02,6.955008000000000000e+07
2.090000000000000000e+02,0.000000000000000000e+00,-7.200000000000000000e+01,-3.760128000000000000e+07
2.100000000000000000e+02,0.000000000000000000e+00,-2.290000000000000000e+02,-1.198080000000000000e+08
2.110000000000000000e+02,0.000000000000000000e+00,-2.790000000000000000e+02,-1.460551680000000000e+08
2.120000000000000000e+02,0.000000000000000000e+00,-2.110000000000000000e+02,-1.105182720000000000e+08
2.130000000000000000e+02,0.000000000000000000e+00,-6.300000000000000000e+01,-3.280896000000000000e+07
2.140000000000000000e+02,0.000000000000000000e+00,9.900000000000000000e+01,5.200281600000000000e+07
2.150000000000000000e+02,0.000000000000000000e+00,2.080000000000000000e+02,1.088471040000000000e+08
2.160000000000000000e+02,0.000000000000000000e+00,2.230000000000000000e+02,1.167605760000000000e+08
2.170000000000000000e+02,0.000000000000000000e+00,1.450000000000000000e+02,7.625932800000000000e+07
2.180000000000000000e+02,0.000000000000000000e+00,1.400000000000000000e+01,7.495680000000000000e+06
2.190000000000000000e+02,0.000000000000000000e+00,-1.130000000000000000e+02,-5.930188800000000000e+07
2.200000000000000000e+02,0.000000000000000000e+00,-1.850000000000000000e+02,-9.697689600000000000e+07
2.210000000000000000e+02,0.000000000000000000e+00,-1.760000000000000000e+02,-9.218457600000000000e+07
2.220000000000000000e+02,0.000000000000000000e+00,-9.500000000000000000e+01,-4.984012800000000000e+07
2.230000000000000000e+02,0.000000000000000000e+00,1.900000000000000000e+01,1.005158400000000000e+07
2.240000000000000000e+02,0.000000000000000000e+00,1.180000000000000000e+02,6.175948800000000000e+07
2.250000000000000000e+02,0.000000000000000000e+00,1.610000000000000000e+02,8.461516800000000000e+07
2.260000000000000000e+02,0.000000000000000000e+00,1.360000000000000000e+02,7.114752000000000000e+07
2.270000000000000000e+02,0.000000000000000000e+00,5.600000000000000000e+01,2.927001600000000000e+07
2.280000000000000000e+02,0.000000000000000000e+00,-4.200000000000000000e+01,-2.192179200000000000e+07
2.290000000000000000e+02,0.000000000000000000e+00,-1.160000000000000000e+02,-6.077644800000000000e+07
2.300000000000000000e+02,0.000000000000000000e+00,-1.380000000000000000e+02,-7.215513600000000000e+07
2.310000000000000000e+02,0.000000000000000000e+00,-1.010000000000000000e+02,-5.308416000000000000e+07
2.320000000000000000e+02,0.000000000000000000e+00,-2.500000000000000000e+01,-1.334476800000000000e+07
2.330000000000000000e+02,0.000000000000000000e+00,5.600000000000000000e+01,2.939289600000000000e+07
2.340000000000000000e+02,0.000000000000000000e+00,1.090000000000000000e+02,5.738496000000000000e+07
2.350000000000000000e+02,0.000000000000000000e+00,1.140000000000000000e+02,5.999001600000000000e+07
2.360000000000000000e+02,0.000000000000000000e+00,7.200000000000000000e+01,3.772416000000000000e+07
2.370000000000000000e+02,0.000000000000000000e+00,2.000000000000000000e+00,1.277952000000000000e+06
2.380000000000000000e+02,0.000000000000000000e+00,-6.400000000000000000e+01,-3.347251200000000000e+07
2.390000000000000000e+02,0.000000000000000000e+00,-1.000000000000000000e+02,-5.232230400000000000e+07
2.400000000000000000e+02,0.000000000000000000e+00,-9.200000000000000000e+01,-4.846387200000000000e+07
2.410000000000000000e+02,0.000000000000000000e+00,-4.700000000000000000e+01,-2.487091200000000000e+07
2.420000000000000000e+02,0.000000000000000000e+00,1.400000000000000000e+01,7.544832000000000000e+06
2.430000000000000000e+02,0.000000000000000000e+00,6.700000000000000000e+01,3.489792000000000000e+07
2.440000000000000000e+02,0.000000000000000000e+00,8.800000000000000000e+01,4.622745600000000000e+07
2.450000000000000000e+02,0.000000000000000000e+00,7.200000000000000000e+01,3.784704000000000000e+07
2.460000000000000000e+02,0.000000000000000000e+00,2.700000000000000000e+01,1.437696000000000000e+07
2.470000000000000000e+02,0.000000000000000000e+00,-2.600000000000000000e+01,-1.361510400000000000e+07
2.480000000000000000e+02,0.000000000000000000e+00,-6.500000000000000000e+01,-3.430809600000000000e+07
2.490000000000000000e+02,0.000000000000000000e+00,-7.600000000000000000e+01,-3.964108800000000000e+07
2.500000000000000000e+02,0.000000000000000000e+00,-5.400000000000000000e+01,-2.833612800000000000e+07
2.510000000000000000e+02,0.000000000000000000e+00,-1.200000000000000000e+01,-6.045696000000000000e+06
2.520000000000000000e+02,0.000000000000000000e+00,3.300000000000000000e+01,1.739980800000000000e+07
2.530000000000000000e+02,0.000000000000000000e+00,6.200000000000000000e+01,3.226828800000000000e+07
2.540000000000000000e+02,0.000000000000000000e+00,6.300000000000000000e+01,3.295641600000000000e+07
2.550000000000000000e+02,0.000000000000000000e+00,3.800000000000000000e+01,2.005401600000000000e+07
2.560000000000000000e+02,0.000000000000000000e+00,-1.000000000000000000e+00,-3.194880000000000000e+05
2.570000000000000000e+02,0.000000000000000000e+00,-3.700000000000000000e+01,-1.931673600000000000e+07
2.580000000000000000e+02,0.000000000000000000e+00,-5.600000000000000000e+01,-2.922086400000000000e+07
2.590000000000000000e+02,0.000000000000000000e+00,-5.100000000000000000e+01,-2.651750400000000000e+07
2.600000000000000000e+02,0.000000000000000000e+00,-2.500000000000000000e+01,-1.309900800000000000e+07
2.610000000000000000e+02,0.000000000000000000e+00,9.000000000000000000e+00,4.890624000000000000e+06
2.620000000000000000e+02,0.000000000000000000e+00,3.800000000000000000e+01,1.975910400000000000e+07
2.630000000000000000e+02,0.000000000000000000e+00,4.900000000000000000e+01,2.560819200000000000e+07
2.640000000000000000e+02,0.000000000000000000e+00,3.900000000000000000e+01,2.057011200000000000e+07
2.650000000000000000e+02,0.000000000000000000e+00,1.400000000000000000e+01,7.421952000000000000e+06
2.660000000000000000e+02,0.000000000000000000e+00,-1.500000000000000000e+01,-7.962624000000000000e+06
2.670000000000000000e+02,0.000000000000000000e+00,-3.600000000000000000e+01,-1.909555200000000000e+07
2.680000000000000000e+02,0.000000000000000000e+00,-4.100000000000000000e+01,-2.172518400000000000e+07
2.690000000000000000e+02,0.000000000000000000e+00,-2.900000000000000000e+01,-1.526169600000000000e+07
2.700000000000000000e+02,0.000000000000000000e+00,-6.000000000000000000e+00,-2.973696000000000000e+06
2.710000000000000000e+02,0.000000000000000000e+00,1.900000000000000000e+01,9.732096000000000000e+06
2.720000000000000000e+02,0.000000000000000000e+00,3.400000000000000000e+01,1.767014400000000000e+07
2.730000000000000000e+02,0.000000000000000000e+00,3.400000000000000000e+01,1.784217600000000000e+07
2.740000000000000000e+02,0.000000000000000000e+00,2.000000000000000000e+01,1.071513600000000000e+07
2.750000000000000000e+02,0.000000000000000000e+00,-1.000000000000000000e+00,-3.194880000000000000e+05
2.760000000000000000e+02,0.000000000000000000e+00,-2.000000000000000000e+01,-1.051852800000000000e+07
2.770000000000000000e+02,0.000000000000000000e+00,-3.000000000000000000e+01,-1.572864000000000000e+07
2.780000000000000000e+02,0.000000000000000000e+00,-2.700000000000000000e+01,-1.420492800000000000e+07
2.790000000000000000e+02,0.000000000000000000e+00,-1.300000000000000000e+01,-6.955008000000000000e+06
2.800000000000000000e+02,0.000000000000000000e+00,5.000000000000000000e+00,2.629632000000000000e+06
2.810000000000000000e+02,0.000000000000000000e+00,2.000000000000000000e+01,1.049395200000000000e+07
2.820000000000000000e+02,0.000000000000000000e+00,2.600000000000000000e+01,1.354137600000000000e+07
2.830000000000000000e+02,0.000000000000000000e+00,2.100000000000000000e+01,1.088716800000000000e+07
2.840000000000000000e+02,0.000000000000000000e+00,8.000000000000000000e+00,3.981312000000000000e+06
2.850000000000000000e+02,0.000000000000000000e+00,-8.000000000000000000e+00,-4.079616000000000000e+06
2.860000000000000000e+02,0.000000000000000000e+00,-1.900000000000000000e+01,-9.904128000000000000e+06
2.870000000000000000e+02,0.000000000000000000e+00,-2.200000000000000000e+01,-1.130496000000000000e+07
2.880000000000000000e+02,0.000000000000000000e+00,-1.500000000000000000e+01,-8.011776000000000000e+06
2.890000000000000000e+02,0.000000000000000000e+00,-3.000000000000000000e+00,-1.720320000000000000e+06
2.900000000000000000e+02,0.000000000000000000e+00,9.000000000000000000e+00,4.841472000000000000e+06
2.910000000000000000e+02,0.000000000000000000e+00,1.700000000000000000e+01,8.970240000000000000e+06
2.920000000000000000e+02,0.000000000000000000e+00,1.700000000000000000e+01,9.142272000000000000e+06
2.930000000000000000e+02,0.000000000000000000e+00,1.100000000000000000e+01,5.627904000000000000e+06
2.940000000000000000e+02,0.000000000000000000e+00,0.000000000000000000e+00,7.372800000000000000e+04
2.950000000000000000e+02,0.000000000000000000e+00,-1.000000000000000000e+01,-5.087232000000000000e+06
2.960000000000000000e+02,0.000000000000000000e+00,-1.500000000000000000e+01,-7.815168000000000000e+06
2.970000000000000000e+02,0.000000000000000000e+00,-1.400000000000000000e+01,-7.176192000000000000e+06
2.980000000000000000e+02,0.000000000000000000e+00,-7.000000000000000000e+00,-3.710976000000000000e+06
2.990000000000000000e+02,0.000000000000000000e+00,2.000000000000000000e+00,1.007616000000000000e+06
3.000000000000000000e+02,0.000000000000000000e+00,9.000000000000000000e+00,4.939776000000000000e+06
3.010000000000000000e+02,0.000000000000000000e+00,1.300000000000000000e+01,6.586368000000000000e+06
3.020000000000000000e+02,0.000000000000000000e+00,1.000000000000000000e+01,5.455872000000000000e+06
3.030000000000000000e+02,0.000000000000000000e+00,4.000000000000000000e+00,2.211840000000000000e+06
3.040000000000000000e+02,0.000000000000000000e+00,-3.000000000000000000e+00,-1.646592000000000000e+06
3.050000000000000000e+02,0.000000000000000000e+00,-9.000000000000000000e+00,-4.546560000000000000e+06
3.060000000000000000e+02,0.000000000000000000e+00,-1.000000000000000000e+01,-5.382144000000000000e+06
3.070000000000000000e+02,0.000000000000000000e+00,-8.000000000000000000e+00,-4.005888000000000000e+06
3.080000000000000000e+02,0.000000000000000000e+00,-2.000000000000000000e+00,-1.130496000000000000e+06
3.090000000000000000e+02,0.000000000000000000e+00,4.000000000000000000e+00,1.941504000000000000e+06
3.100000000000000000e+02,0.000000000000000000e+00,8.000000000000000000e+00,4.005888000000000000e+06
3.110000000000000000e+02,0.000000000000000000e+00,8.000000000000000000e+00,4.300800000000000000e+06
3.120000000000000000e+02,0.000000000000000000e+00,5.000000000000000000e+00,2.850816000000000000e+06
3.130000000000000000e+02,0.000000000000000000e+00,1.000000000000000000e+00,3.932160000000000000e+05
3.140000000000000000e+02,0.000000000000000000e+00,-4.000000000000000000e+00,-2.015232000000000000e+06
3.150000000000000000e+02,0.000000000000000000e+00,-6.000000000000000000e+00,-3.391488000000000000e+06
3.160000000000000000e+02,0.000000000000000000e+00,-6.000000000000000000e+00,-3.317760000000000000e+06
3.170000000000000000e+02,0.000000000000000000e+00,-4.000000000000000000e+00,-1.941504000000000000e+06
3.180000000000000000e+02,0.000000000000000000e+00,0.000000000000000000e+00,9.830400000000000000e+04
3.190000000000000000e+02,0.000000000000000000e+00,4.000000000000000000e+00,1.916928000000000000e+06
3.200000000000000000e+02,0.000000000000000000e+00,5.000000000000000000e+00,2.801664000000000000e+06
3.210000000000000000e+02,0.000000000000000000e+00,5.000000000000000000e+00,2.506752000000000000e+06
3.220000000000000000e+02,0.000000000000000000e+00,2.000000000000000000e+00,1.253376000000000000e+06
3.230000000000000000e+02,0.000000000000000000e+00,-1.000000000000000000e+00,-3.686400000000000000e+05
3.240000000000000000e+02,0.000000000000000000e+00,-3.000000000000000000e+00,-1.695744000000000000e+06
3.250000000000000000e+02,0.000000000000000000e+00,-4.000000000000000000e+00,-2.236416000000000000e+06
3.260000000000000000e+02,0.000000000000000000e+00,-4.000000000000000000e+00,-1.843200000000000000e+06
3.270000000000000000e+02,0.000000000000000000e+00,-1.000000000000000000e+00,-7.864320000000000000e+05
3.280000000000000000e+02,0.000000000000000000e+00,1.000000000000000000e+00,4.915200000000000000e+05
3.290000000000000000e+02,0.000000000000000000e+00,3.000000000000000000e+00,1.449984000000000000e+06
3.300000000000000000e+02,0.000000000000000000e+00,3.000000000000000000e+00,1.744896000000000000e+06
3.310000000000000000e+02,0.000000000000000000e+00,3.000000000000000000e+00,1.351680000000000000e+06
3.320000000000000000e+02,0.000000000000000000e+00,1.000000000000000000e+00,4.423680000000000000e+05
3.330000000000000000e+02,0.000000000000000000e+00,-1.000000000000000000e+00,-5.160960000000000000e+05
3.340000000000000000e+02,0.000000000000000000e+00,-2.000000000000000000e+00,-1.204224000000000000e+06
3.350000000000000000e+02,0.000000000000000000e+00,-3.000000000000000000e+00,-1.351680000000000000e+06
3.360000000000000000e+02,0.000000000000000000e+00,-2.000000000000000000e+00,-9.584640000000000000e+05
3.370000000000000000e+02,0.000000000000000000e+00,0.000000000000000000e+00,-2.457600000000000000e+05
3.380000000000000000e+02,0.000000000000000000e+00,1.000000000000000000e+00,4.915200000000000000e+05
3.390000000000000000e+02,0.000000000000000000e+00,2.000000000000000000e+00,9.830400000000000000e+05
3.400000000000000000e+02,0.000000000000000000e+00,2.000000000000000000e+00,1.032192000000000000e+06
3.410000000000000000e+02,0.000000000000000000e+00,1.000000000000000000e+00,6.881280000000000000e+05
3.420000000000000000e+02,0.000000000000000000e+00,0.000000000000000000e+00,1.228800000000000000e+05
3.430000000000000000e+02,0.000000000000000000e+00,-1.000000000000000000e+00,-4.423680000000000000e+05
3.440000000000000000e+02,0.000000000000000000e+00,-1.000000000000000000e+00,-7.864320000000000000e+05
3.450000000000000000e+02,0.000000000000000000e+00,-2.000000000000000000e+00,-8.110080000000000000e+05
3.460000000000000000e+02,0.000000000000000000e+00,-1.000000000000000000e+00,-5.160960000000000000e+05
3.470000000000000000e+02,0.000000000000000000e+00,0.000000000000000000e+00,-4.915200000000000000e+04
3.480000000000000000e+02,0.000000000000000000e+00,1.000000000000000000e+00,4.177920000000000000e+05
3.490000000000000000e+02,0.000000000000000000e+00,1.000000000000000000e+00,6.881280000000000000e+05
3.500000000000000000e+02,0.000000000000000000e+00,1.000000000000000000e+00,7.127040000000000000e+05
3.510000000000000000e+02,0.000000000000000000e+00,1.000000000000000000e+00,4.669440000000000000e+05
3.520000000000000000e+02,0.000000000000000000e+00,0.000000000000000000e+00,4.915200000000000000e+04
3.530000000000000000e+02,0.000000000000000000e+00,-1.000000000000000000e+00,-4.177920000000000000e+05
3.540000000000000000e+02,0.000000000000000000e+00,-2.000000000000000000e+00,-8.110080000000000000e+05
3.550000000000000000e+02,0.000000000000000000e+00,-2.000000000000000000e+00,-1.056768000000000000e+06
3.560000000000000000e+02,0.000000000000000000e+00,-2.000000000000000000e+00,-1.105920000000000000e+06
3.570000000000000000e+02,0.000000000000000000e+00,-2.000000000000000000e+00,-9.830400000000000000e+05
3.580000000000000000e+02,0.000000000000000000e+00,-1.000000000000000000e+00,-7.864320000000000000e+05
3.590000000000000000e+02,0.000000000000000000e+00,-1.000000000000000000e+00,-5.406720000000000000e+05
3.600000000000000000e+02,0.000000000000000000e+00,-1.000000000000000000e+00,-3.194880000000000000e+05
3.610000000000000000e+02,0.000000000000000000e+00,0.000000000000000000e+00,-1.474560000000000000e+05
3.620000000000000000e+02,0.000000000000000000e+00,0.000000000000000000e+00,-4.915200000000000000e+04
3.630000000000000000e+02,0.000000000000000000e+00,0.000000000000000000e+00,0.000000000000000000e+00
3.640000000000000000e+02,0.000000000000000000e+00,0.000000000000000000e+00,2.457600000000000000e+04
3.650000000000000000e+02,0.000000000000000000e+00,0.000000000000000000e+00,0.000000000000000000e+00
3.660000000000000000e+02,0.000000000000000000e+00,0.000000000000000000e+00,0.000000000000000000e+00
3.670000000000000000e+02,0.000000000000000000e+00,0.000000000000000000e+00,0.000000000000000000e+00
3.680000000000000000e+02,0.000000000000000000e+00,0.000000000000000000e+00,0.000000000000000000e+00
3.690000000000000000e+02,0.000000000000000000e+00,0.000000000000000000e+00,0.000000000000000000e+00
3.700000000000000000e+02,0.000000000000000000e+00,0.000000000000000000e+00,0.000000000000000000e+00
3.710000000000000000e+02,0.000000000000000000e+00,0.000000000000000000e+00,0.000000000000000000e+00
3.720000000000000000e+02,0.000000000000000000e+00,0.000000000000000000e+00,0.000000000000000000e+00
3.730000000000000000e+02,0.000000000000000000e+00,0.000000000000000000e+00,0.000000000000000000e+00
3.740000000000000000e+02,0.000000000000000000e+00,0.000000000000000000e+00,0.000000000000000000e+00
3.750000000000000000e+02,0.000000000000000000e+00,0.000000000000000000e+00,0.000000000000000000e+00
3.760000000000000000e+02,0.000000000000000000e+00,0.000000000000000000e+00,0.000000000000000000e+00
3.770000000000000000e+02,0.000000000000000000e+00,0.000000000000000000e+00,0.000000000000000000e+00
3.780000000000000000e+02,0.000000000000000000e+00,0.000000000000000000e+00,0.000000000000000000e+00
3.790000000000000000e+02,0.000000000000000000e+00,0.000000000000000000e+00,0.000000000000000000e+00
3.800000000000000000e+02,0.000000000000000000e+00,0.000000000000000000e+00,0.000000000000000000e+00
3.810000000000000000e+02,0.000000000000000000e+00,0.000000000000000000e+00,0.000000000000000000e+00
3.820000000000000000e+02,0.000000000000000000e+00,0.000000000000000000e+00,0.000000000000000000e+00
3.830000000000000000e+02,0.000000000000000000e+00,0.000000000000000000e+00,0.000000000000000000e+00
3.840000000000000000e+02,0.000000000000000000e+00,0.000000000000000000e+00,0.000000000000000000e+00
3.850000000000000000e+02,0.000000000000000000e+00,0.000000000000000000e+00,0.000000000000000000e+00
3.860000000000000000e+02,0.000000000000000000e+00,0.000000000000000000e+00,0.000000000000000000e+00
3.870000000000000000e+02,0.000000000000000000e+00,0.000000000000000000e+00,0.000000000000000000e+00
3.880000000000000000e+02,0.000000000000000000e+00,0.000000000000000000e+00,0.000000000000000000e+00
3.890000000000000000e+02,0.000000000000000000e+00,0.000000000000000000e+00,0.000000000000000000e+00
3.900000000000000000e+02,0.000000000000000000e+00,0.000000000000000000e+00,0.000000000000000000e+00
3.910000000000000000e+02,0.000000000000000000e+00,0.000000000000000000e+00,0.000000000000000000e+00
3.920000000000000000e+02,0.000000000000000000e+00,0.000000000000000000e+00,0.000000000000000000e+00
3.930000000000000000e+02,0.000000000000000000e+00,0.000000000000000000e+00,0.000000000000000000e+00
3.940000000000000000e+02,0.000000000000000000e+00,0.000000000000000000e+00,0.000000000000000000e+00
3.950000000000000000e+02,0.000000000000000000e+00,0.000000000000000000e+00,0.000000000000000000e+00
3.960000000000000000e+02,0.000000000000000000e+00,0.000000000000000000e+00,0.000000000000000000e+00
3.970000000000000000e+02,0.000000000000000000e+00,0.000000000000000000e+00,0.000000000000000000e+00
3.980000000000000000e+02,0.000000000000000000e+00,0.000000000000000000e+00,0.000000000000000000e+00
3.990000000000000000e+02,0.000000000000000000e+00,0.000000000000000000e+00,0.000000000000000000e+00
4.000000000000000000e+02,0.000000000000000000e+00,0.000000000000000000e+00,0.000000000000000000e+00
4.010000000000000000e+02,0.000000000000000000e+00,0.000000000000000000e+00,0.000000000000000000e+00
4.020000000000000000e+02,0.000000000000000000e+00,0.000000000000000000e+00,0.000000000000000000e+00
4.030000000000000000e+02,0.000000000000000000e+00,0.000000000000000000e+00,0.000000000000000000e+00
4.040000000000000000e+02,0.000000000000000000e+00,0.000000000000000000e+00,0.000000000000000000e+00
4.050000000000000000e+02,0.000000000000000000e+00,0.000000000000000000e+00,0.000000000000000000e+00
4.060000000000000000e+02,0.000000000000000000e+00,0.000000000000000000e+00,0.000000000000000000e+00
4.070000000000000000e+02,0.000000000000000000e+00,0.000000000000000000e+00,0.000000000000000000e+00
4.080000000000000000e+02,0.000000000000000000e+00,0.000000000000000000e+00,0.000000000000000000e+00
4.090000000000000000e+02,0.000000000000000000e+00,0.000000000000000000e+00,0.000000000000000000e+00
4.100000000000000000e+02,0.000000000000000000e+00,0.000000000000000000e+00,0.000000000000000000e+00
4.110000000000000000e+02,0.000000000000000000e+00,0.000000000000000000e+00,0.000000000000000000e+00
4.120000000000000000e+02,0.000000000000000000e+00,0.000000000000000000e+00,0.000000000000000000e+00
4.130000000000000000e+02,0.000000000000000000e+00,0.000000000000000000e+00,0.000000000000000000e+00
4.140000000000000000e+02,0.000000000000000000e+00,0.000000000000000000e+00,0.000000000000000000e+00
4.150000000000000000e+02,0.000000000000000000e+00,0.000000000000000000e+00,0.000000000000000000e+00
4.160000000000000000e+02,0.000000000000000000e+00,0.000000000000000000e+00,0.000000000000000000e+00
4.170000000000000000e+02,0.000000000000000000e+00,0.000000000000000000e+00,0.000000000000000000e+00
4.180000000000000000e+02,0.000000000000000000e+00,0.000000000000000000e+00,0.000000000000000000e+00
4.190000000000000000e+02,0.000000000000000000e+00,0.000000000000000000e+00,0.000000000000000000e+00
4.200000000000000000e+02,0.000000000000000000e+00,0.000000000000000000e+00,0.000000000000000000e+00
4.210000000000000000e+02,0.000000000000000000e+00,0.000000000000000000e+00,0.000000000000000000e+00
4.220000000000000000e+02,0.000000000000000000e+00,0.000000000000000000e+00,0.000000000000000000e+00
4.230000000000000000e+02,0.000000000000000000e+00,0.000000000000000000e+00,0.000000000000000000e+00
4.240000000000000000e+02,0.000000000000000000e+00,0.000000000000000000e+00,0.000000000000000000e+00
4.250000000000000000e+02,0.000000000000000000e+00,0.000000000000000000e+00,0.000000000000000000e+00
4.260000000000000000e+02,0.000000000000000000e+00,0.000000000000000000e+00,0.000000000000000000e+00
4.270000000000000000e+02,0.000000000000000000e+00,0.000000000000000000e+00,0.000000000000000000e+00
4.280000000000000000e+02,0.000000000000000000e+00,0.000000000000000000e+00,0.000000000000000000e+00
4.290000000000000000e+02,0.000000000000000000e+00,0.000000000000000000e+00,0.000000000000000000e+00
4.300000000000000000e+02,0.000000000000000000e+00,0.000000000000000000e+00,0.000000000000000000e+00
4.310000000000000000e+02,0.000000000000000000e+00,0.000000000000000000e+00,0.000000000000000000e+00
4.320000000000000000e+02,0.000000000000000000e+00,0.000000000000000000e+00,0.000000000000000000e+00
4.330000000000000000e+02,0.000000000000000000e+00,0.000000000000000000e+00,0.000000000000000000e+00
4.340000000000000000e+02,0.000000000000000000e+00,0.000000000000000000e+00,0.000000000000000000e+00
4.350000000000000000e+02,0.000000000000000000e+00,0.000000000000000000e+00,0.000000000000000000e+00
4.360000000000000000e+02,0.000000000000000000e+00,0.000000000000000000e+00,0.000000000000000000e+00
4.370000000000000000e+02,0.000000000000000000e+00,0.000000000000000000e+00,0.000000000000000000e+00
4.380000000000000000e+02,0.000000000000000000e+00,0.000000000000000000e+00,0.000000000000000000e+00
4.390000000000000000e+02,0.000000000000000000e+00,0.000000000000000000e+00,0.000000000000000000e+00
4.400000000000000000e+02,0.000000000000000000e+00,0.000000000000000000e+00,0.000000000000000000e+00
4.410000000000000000e+02,0.000000000000000000e+00,0.000000000000000000e+00,0.000000000000000000e+00
4.420000000000000000e+02,0.000000000000000000e+00,0.000000000000000000e+00,0.000000000000000000e+00
4.430000000000000000e+02,0.000000000000000000e+00,0.000000000000000000e+00,0.000000000000000000e+00
4.440000000000000000e+02,0.000000000000000000e+00,0.000000000000000000e+00,0.000000000000000000e+00
4.450000000000000000e+02,0.000000000000000000e+00,0.000000000000000000e+00,0.000000000000000000e+00
4.460000000000000000e+02,0.000000000000000000e+00,0.000000000000000000e+00,0.000000000000000000e+00
4.470000000000000000e+02,0.000000000000000000e+00,0.000000000000000000e+00,0.000000000000000000e+00
4.480000000000000000e+02,0.000000000000000000e+00,0.000000000000000000e+00,0.000000000000000000e+00
4.490000000000000000e+02,0.000000000000000000e+00,0.000000000000000000e+00,0.000000000000000000e+00
4.500000000000000000e+02,0.000000000000000000e+00,0.000000000000000000e+00,0.000000000000000000e+00
4.510000000000000000e+02,0.000000000000000000e+00,0.000000000000000000e+00,0.000000000000000000e+00
4.520000000000000000e+02,0.000000000000000000e+00,0.000000000000000000e+00,0.000000000000000000e+00
4.530000000000000000e+02,0.000000000000000000e+00,0.000000000000000000e+00,0.000000000000000000e+00
4.540000000000000000e+02,0.000000000000000000e+00,0.000000000000000000e+00,0.000000000000000000e+00
4.550000000000000000e+02,0.000000000000000000e+00,0.000000000000000000e+00,0.000000000000000000e+00
4.560000000000000000e+02,0.000000000000000000e+00,0.000000000000000000e+00,0.000000000000000000e+00
4.570000000000000000e+02,0.000000000000000000e+00,0.000000000000000000e+00,0.000000000000000000e+00
4.580000000000000000e+02,0.000000000000000000e+00,0.000000000000000000e+00,0.000000000000000000e+00
4.590000000000000000e+02,0.000000000000000000e+00,0.000000000000000000e+00,0.000000000000000000e+00
4.600000000000000000e+02,0.000000000000000000e+00,0.000000000000000000e+00,0.000000000000000000e+00
4.610000000000000000e+02,0.000000000000000000e+00,0.000000000000000000e+00,0.000000000000000000e+00
4.620000000000000000e+02,0.000000000000000000e+00,0.000000000000000000e+00,0.000000000000000000e+00
4.630000000000000000e+02,0.000000000000000000e+00,0.000000000000000000e+00,0.000000000000000000e+00
4.640000000000000000e+02,0.000000000000000000e+00,0.000000000000000000e+00,0.000000000000000000e+00
4.650000000000000000e+02,0.000000000000000000e+00,0.000000000000000000e+00,0.000000000000000000e+00
4.660000000000000000e+02,0.000000000000000000e+00,0.000000000000000000e+00,0.000000000000000000e+00
4.670000000000000000e+02,0.000000000000000000e+00,0.000000000000000000e+00,0.000000000000000000e+00
4.680000000000000000e+02,0.000000000000000000e+00,0.000000000000000000e+00,0.000000000000000000e+00
4.690000000000000000e+02,0.000000000000000000e+00,0.000000000000000000e+00,0.000000000000000000e+00
4.700000000000000000e+02,0.000000000000000000e+00,0.000000000000000000e+00,0.000000000000000000e+00
4.710000000000000000e+02,0.000000000000000000e+00,0.000000000000000000e+00,0.000000000000000000e+00
4.720000000000000000e+02,0.000000000000000000e+00,0.000000000000000000e+00,0.000000000000000000e+00
4.730000000000000000e+02,0.000000000000000000e+00,0.000000000000000000e+00,0.000000000000000000e+00
4.740000000000000000e+02,0.000000000000000000e+00,0.000000000000000000e+00,0.000000000000000000e+00
4.750000000000000000e+02,0.000000000000000000e+00,0.000000000000000000e+00,0.000000000000000000e+00
4.760000000000000000e+02,0.000000000000000000e+00,0.000000000000000000e+00,0.000000000000000000e+00
4.770000000000000000e+02,0.000000000000000000e+00,0.000000000000000000e+00,0.000000000000000000e+00
4.780000000000000000e+02,0.000000000000000000e+00,0.000000000000000000e+00,0.000000000000000000e+00
4.790000000000000000e+02,0.000000000000000000e+00,0.000000000000000000e+00,0.000000000000000000e+00
4.800000000000000000e+02,0.000000000000000000e+00,0.000000000000000000e+00,0.000000000000000000e+00
4.810000000000000000e+02,0.000000000000000000e+00,0.000000000000000000e+00,0.000000000000000000e+00
4.820000000000000000e+02,0.000000000000000000e+00,0.000000000000000000e+00,0.000000000000000000e+00
4.830000000000000000e+02,0.000000000000000000e+00,0.000000000000000000e+00,0.000000000000000000e+00
4.840000000000000000e+02,0.000000000000000000e+00,0.000000000000000000e+00,0.000000000000000000e+00
4.850000000000000000e+02,0.000000000000000000e+00,0.000000000000000000e+00,0.000000000000000000e+00
4.860000000000000000e+02,0.000000000000000000e+00,0.000000000000000000e+00,0.000000000000000000e+00
4.870000000000000000e+02,0.000000000000000000e+00,0.000000000000000000e+00,0.000000000000000000e+00
4.880000000000000000e+02,0.000000000000000000e+00,0.000000000000000000e+00,0.000000000000000000e+00
4.890000000000000000e+02,0.000000000000000000e+00,0.000000000000000000e+00,0.000000000000000000e+00
4.900000000000000000e+02,0.000000000000000000e+00,0.000000000000000000e+00,0.000000000000000000e+00
4.910000000000000000e+02,0.000000000000000000e+00,0.000000000000000000e+00,0.000000000000000000e+00
4.920000000000000000e+02,0.000000000000000000e+00,0.000000000000000000e+00,0.000000000000000000e+00
4.930000000000000000e+02,0.000000000000000000e+00,0.000000000000000000e+00,0.000000000000000000e+00
4.940000000000000000e+02,0.000000000000000000e+00,0.000000000000000000e+00,0.000000000000000000e+00
4.950000000000000000e+02,0.000000000000000000e+00,0.000000000000000000e+00,0.000000000000000000e+00
4.960000000000000000e+02,0.000000000000000000e+00,0.000000000000000000e+00,0.000000000000000000e+00
4.970000000000000000e+02,0.000000000000000000e+00,0.000000000000000000e+00,0.000000000000000000e+00
4.980000000000000000e+02,0.000000000000000000e+00,0.000000000000000000e+00,0.000000000000000000e+00
4.990000000000000000e+02,0.000000000000000000e+00,0.000000000000000000e+00,0.000000000000000000e+00
5.000000000000000000e+02,0.000000000000000000e+00,0.000000000000000000e+00,0.000000000000000000e+00
5.010000000000000000e+02,0.000000000000000000e+00,0.000000000000000000e+00,0.000000000000000000e+00
5.020000000000000000e+02,0.000000000000000000e+00,0.000000000000000000e+00,0.000000000000000000e+00
5.030000000000000000e+02,0.000000000000000000e+00,0.000000000000000000e+00,0.000000000000000000e+00
5.040000000000000000e+02,0.000000000000000000e+00,0.000000000000000000e+00,0.000000000000000000e+00
5.050000000000000000e+02,0.000000000000000000e+00,0.000000000000000000e+00,0.000000000000000000e+00
5.060000000000000000e+02,0.000000000000000000e+00,0.000000000000000000e+00,0.000000000000000000e+00
5.070000000000000000e+02,0.000000000000000000e+00,0.000000000000000000e+00,0.000000000000000000e+00
5.080000000000000000e+02,0.000000000000000000e+00,0.000000000000000000e+00,0.000000000000000000e+00
5.090000000000000000e+02,0.000000000000000000e+00,0.000000000000000000e+00,0.000000000000000000e+00
5.100000000000000000e+02,0.000000000000000000e+00,0.000000000000000000e+00,0.000000000000000000e+00
5.110000000000000000e+02,0.000000000000000000e+00,0.000000000000000000e+00,0.000000000000000000e+00
5.120000000000000000e+02,0.000000000000000000e+00,0.000000000000000000e+00,0.000000000000000000e+00
5.130000000000000000e+02,0.000000000000000000e+00,0.000000000000000000e+00,0.000000000000000000e+00
5.140000000000000000e+02,0.000000000000000000e+00,0.000000000000000000e+00,0.000000000000000000e+00
5.150000000000000000e+02,0.000000000000000000e+00,0.000000000000000000e+00,0.000000000000000000e+00
5.160000000000000000e+02,0.000000000000000000e+00,0.000000000000000000e+00,0.000000000000000000e+00
5.170000000000000000e+02,0.000000000000000000e+00,0.000000000000000000e+00,0.000000000000000000e+00
5.180000000000000000e+02,0.000000000000000000e+00,0.000000000000000000e+00,0.000000000000000000e+00
5.190000000000000000e+02,0.000000000000000000e+00,0.000000000000000000e+00,0.000000000000000000e+00
